sweep_value,mean_runtime_per_iter,sem_runtime_per_iter,mean_iters,sem_iters,mean_runtime,sem_runtime
1,0.0009751116513461447,2.5618105860328168e-05,1114.5,196.6178046645601,1.0747671365737914,0.18704771219311203
5,0.0010248831421434943,1.9457713612420404e-05,2002.2,636.6168881063572,1.979155421257019,0.587438121775073
10,0.0010881488920511987,2.8939220817306953e-05,5571.5,1777.2311314076298,6.050939559936523,1.9268380577508228
50,0.0017247236540840656,3.059175370793414e-05,2197.5,570.730550357269,3.777806305885315,0.9992483880777563
100,0.002452567933794705,5.059750583409015e-05,752.1,123.6144049498727,1.8222929000854493,0.2911179651399392
