sweep_value,mean_runtime_per_iter,sem_runtime_per_iter,mean_iters,sem_iters,mean_runtime,sem_runtime
1,0.0008432461200363348,2.6302303649837035e-05,1114.5,196.6178046645601,0.928795337677002,0.16136427415808433
5,0.0009317873410674005,2.9083325979893933e-05,2002.2,636.6168881063572,1.8084931373596191,0.540792168268
10,0.0010103954097989225,3.7166209869551936e-05,5571.5,1777.2311314076298,5.481532096862793,1.7393019819668272
50,0.0016876465087112369,5.768425587266774e-05,2197.5,570.730550357269,3.633066201210022,0.9526222716960717
100,0.002481095725651849,7.832853427863377e-05,752.1,123.6144049498727,1.8192598581314088,0.2862529423106313
