sweep_value,mean_runtime_per_iter,sem_runtime_per_iter,mean_iters,sem_iters,mean_runtime,sem_runtime
100,0.0006526818034257099,4.276434482428206e-05,8614.6,1417.4169715052487,5.968446516990662,1.2807125689121415
1000,0.007313838779792095,0.000988381824325554,1757.7,528.1555968125723,13.973941159248351,5.19072813958545
10000,0.07992163850389303,0.009445128531694802,1710.0,529.8519290015529,157.94580612182617,61.44466514471733
100000,0.9895405056649704,0.09356071454595999,1684.3,520.0065181215413,1241.0345962762833,169.25721558693473
