sweep_value,mean_runtime_per_iter,sem_runtime_per_iter,mean_iters,sem_iters,mean_runtime,sem_runtime
100,0.0005867751196813439,3.731760833252291e-05,8614.6,1417.4169715052487,5.26008551120758,1.0791307458302035
1000,0.003942125918894579,0.00024969687946182584,1757.7,528.1555968125723,6.984001588821411,2.2288504317150606
10000,0.04600027373686825,0.0036601243748918236,1710.0,529.8519290015529,86.2789664030075,30.996317306255154
100000,0.4772682202726134,0.031417048049204414,1684.3,520.0065181215413,674.645736193657,144.158426606575
