sweep_value,mean_runtime_per_iter,sem_runtime_per_iter,mean_iters,sem_iters,mean_runtime,sem_runtime
10,0.004355652191108296,0.00019048388027983294,12243.2,2378.340181256201,51.059037232398985,9.280149903568306
30,0.01212926579795728,0.00010708974718669953,18561.1,1211.282391609084,225.2937049627304,15.023560566433677
100,0.09237682719361053,0.000959518739073964,26461.4,3154.6706332744857,2441.8785005807877,290.1917258872869
200,0.40746345478558144,0.016558143675537724,10362.5,197.42876352412958,4223.954810929298,197.19125029956672
