sweep_value,mean_runtime_per_iter,sem_runtime_per_iter,mean_iters,sem_iters,mean_runtime,sem_runtime
10,0.012325355387399727,0.0023452345908979945,12243.2,2378.340181256201,128.6721103668213,28.067309147134967
30,0.019100551136898052,0.001708684354368418,18561.1,1211.282391609084,352.6871433734894,34.94913987455306
100,0.1499623709227262,0.01225336448351603,26461.4,3154.6706332744857,3961.4271646261213,554.8853772229277
200,0.4674611282735766,0.025219344549449647,10362.4,197.42819791846694,4845.479829096794,284.1068130799108
