sweep_value,mean_runtime_per_iter,sem_runtime_per_iter,mean_iters,sem_iters,mean_runtime,sem_runtime
10,0.0005975832378289508,6.763957556443328e-05,4026.5,1170.5678322933704,2.2790199756622314,0.7659093999994929
30,0.0014783614446661644,0.00027620377195248375,716.0,78.86725838042328,1.1562913417816163,0.3055622152306944
100,0.00468887846506622,0.0008348967308571125,1460.1,143.4158250992159,7.233603429794312,1.7654032309627397
300,0.017375667852150545,0.0010153092469392239,3270.7,188.45253160057752,57.48432037830353,5.482315492181116
1000,0.060571366188470956,0.001507364761175838,8035.0,333.70735682630675,483.1704746246338,13.180359503583482
