sweep_value,mean_runtime_per_iter,sem_runtime_per_iter,mean_iters,sem_iters,mean_runtime,sem_runtime
10,0.0005689352996930848,4.403591320586024e-05,4026.5,1170.5678322933704,2.289719080924988,0.7001067914072493
30,0.0015159609870987357,0.0003464646737455552,716.0,78.86725838042328,1.0942065715789795,0.2625226750144095
100,0.006569309822591009,0.0010854636328731391,1460.1,143.4158250992159,9.596911692619324,1.66994484317739
300,0.031497036327636174,0.0006413570149218247,3270.7,188.45253160057752,103.50577239990234,7.313760752616852
1000,0.10437199634322218,0.0008213498316422708,8035.0,333.70735682630675,838.0008969545364,33.3547265568484
