sweep_value,C_subspace_error_mean,C_subspace_error_sem,d_error_mean,d_error_sem,noise_var_error_mean,noise_var_error_sem,ard_var_error_mean,ard_var_error_sem,denoised_r2_mean,denoised_r2_sem
1,0.0537571920782668,0.0025656502422035,0.083483592206418,0.0078291264652052,0.046172642505986,0.0093072264712902,0.1663744916076261,0.0206678511641488,0.9722672480498312,0.0045516031015835
3,0.052243668646705,0.0024660717805071,0.0628361189764632,0.0064021391180074,0.051652617638226,0.0061187890136388,0.5471351502962043,0.0399618347340539,0.9586900449131044,0.0038670375638673
10,0.056337533909279,0.0021832734392011,0.0725773968717954,0.0071559481569181,0.0394753756741055,0.0029674419210197,0.8758491070401166,0.0644360391293858,0.958335357791732,0.0054652046173887
30,0.0521279173449009,0.002252090416261,0.0823228521885825,0.00823494041122,0.0490849039489739,0.0044987711336765,1.3427312478793476,0.0583504692544461,0.9066058649483696,0.0014414123302201
