sweep_value,C_subspace_error_mean,C_subspace_error_sem,d_error_mean,d_error_sem,noise_var_error_mean,noise_var_error_sem,ard_var_error_mean,ard_var_error_sem,denoised_r2_mean,denoised_r2_sem
100,0.1587900295635774,0.0078261436749643,0.2369250200216922,0.0149296837883401,0.1314918787978568,0.0210882428140328,0.3418827541893893,0.0264409752301515,0.95609748064677,0.0037673801116764
1000,0.0550752133675258,0.0023932214629579,0.0782080591959147,0.0086018907240159,0.0357892294924623,0.0043555923047946,0.2456836128341428,0.0468049328312991,0.9864582564336646,0.0018959837128087
10000,0.0186851168970772,0.0010674666097379,0.0251521635281907,0.0011147900713978,0.0149911483140573,0.0017719024343965,0.2437936067863176,0.0328704061607364,0.9898718657531732,0.0018796249435039
100000,0.0056422955881035,0.000257171512703,0.0083865482334631,0.0005514757293124,0.0042983939495759,0.0004051079708279,0.2164521643860723,0.0250395521354504,0.9903959225174146,0.0018806711380236
