sweep_value,C_subspace_error_mean,C_subspace_error_sem,d_error_mean,d_error_sem,noise_var_error_mean,noise_var_error_sem,ard_var_error_mean,ard_var_error_sem,denoised_r2_mean,denoised_r2_sem
0.1,0.1670570339367839,0.0045164984599185,0.1638897671645096,0.0102037587242502,0.0396270848195406,0.0042654109606393,0.3191316275084253,0.025842448287594,0.8695342112884333,0.0087910482656684
0.3,0.0985372223694621,0.0036186268903229,0.1058597349258792,0.0079949838474335,0.0350181938998475,0.0042674432249234,0.2901906980073292,0.0235836260528057,0.9518455557474051,0.003503816840976
1.0,0.0502898089105069,0.0014240967502136,0.0720517330328499,0.0055306586799046,0.0366863746175035,0.0033020272724107,0.2759449084750139,0.0327256246225084,0.9855504296047296,0.0011602493837555
3.0,0.0296406060328872,0.0013338794600432,0.0628087380291808,0.0062702801005883,0.0441809783913536,0.0057783081253737,0.2570416803887309,0.0146342244429673,0.9950696433881367,0.0003853989966436
10.0,0.0169735854734992,0.0005324735992852,0.0545471274000323,0.0055033082321864,0.0462902962115811,0.0111041051208933,0.245068586131971,0.013822561329233,0.9984757454029948,0.0001076286970329
