sweep_value,C_subspace_error_mean,C_subspace_error_sem,d_error_mean,d_error_sem,noise_var_error_mean,noise_var_error_sem,ard_var_error_mean,ard_var_error_sem,denoised_r2_mean,denoised_r2_sem
1,0.0310310207115159,0.0019694811692265,0.0388047092238657,0.0031610857665799,0.0512728205029807,0.0052841599596616,0.2322538872432434,0.0459797128524498,0.9942884826629458,0.0005005243632592
3,0.0544585080992507,0.0018520131447483,0.0886395872787419,0.0063044833529782,0.0341454913208554,0.0054979506603964,0.289961873098738,0.0245217744435317,0.9873685976553012,0.0015668586451014
10,0.090359228696362,0.002635547497635,0.147217818274508,0.0109732875676407,0.0450988332969054,0.0063474318740433,0.5073488383145696,0.019201056007026,0.9529666904938636,0.0053594206912779
30,0.185743041032068,0.0121093972872918,0.2580223077412976,0.0208815403021889,0.0444146170953528,0.0069369498385957,0.835865521415496,0.0131270250243332,0.8580707673578921,0.0171347282964497
