sweep_value,C_subspace_error_mean,C_subspace_error_sem,d_error_mean,d_error_sem,noise_var_error_mean,noise_var_error_sem,ard_var_error_mean,ard_var_error_sem,denoised_r2_mean,denoised_r2_sem
3,0.3237644396060039,0.0665630227081127,0.086985656525514,0.0152778402102064,0.6369811074257836,0.2278447366979355,0.894248289516178,0.0855406213028393,0.7529688697187416,0.0514612610282819
10,0.0362486660529104,0.002887223968665,0.0839172467458768,0.0079918766326693,0.032866840459937,0.0035750428290208,0.43575580601007,0.0476738215290073,0.967834973417769,0.0063033166994454
30,0.0497604264693577,0.0029293209737213,0.0796658489340808,0.0075714400759639,0.0368322715605032,0.0071767338634137,0.2237877237044666,0.026194883855608,0.9879678228291144,0.0012926724095376
100,0.0504395010609361,0.0013816259385112,0.0799355717134141,0.0056000962029974,0.0379288920274871,0.0052586790103005,0.1486136242434582,0.0106360094305034,0.9943137486568686,0.0004774916207701
